TT,Nhóm mẫu,Số hiệu,Họ,Loài,Tác giả,Tên việt,Nơi thu,Ngày thu,Long,Lat,CT,IUCN,SĐVN,KT,TP,LC/MN,Thông tin
32,Thân mềm,E.57312,Cerithiidae,Cerithium nodulosum,"Bruguière, 1792",Ốc hút lớn,Thuyền Chài,30.10.2020,08°15'52.2,113°21'45.5,,,,1,,1,"Tên tiếng Anh: Giant Knobbed Cerith
Tên tiếng Việt: Ốc sùng gai thô
Kích thước: trung bình 8-10 cm. Mẫu lớn nhất có kích cỡ đạt tới 12 cm
Sinh thái học: Sống ở rìa các rạn đá hoặc san hô, độ sâu 1-50 m  
Phân bố:  - Thế giới: Vùng biển Ấn Độ - Thái Bình Dương  
- Việt Nam: Khánh Hòa, Ninh Thuận,  vv…  
Giá trị sử dụng: dùng làm hàng mỹ nghệ"
11,Thân mềm,E.57337,Turbinidae,Astralium rhodostomum,"(Lamarck, 1822)",Ốc nón gai cao,Đá Lớn,06.04.2021,09°59'46.1,113°50'39.1,,,,1,,1,"Astralium rhodostomum (Lamarck, 1822)
Tên tiếng Anh: Rosemouth Starshell
Tên tiếng Việt: Ốc nón gai cao
Kích thước: trung bình 3-4 cm. Mẫu lớn nhất có kích cỡ đạt tới 5,5 cm
Sinh thái học: Sống bám trên đá, độ sâu 1-30 m  
Phân bố:  - Thế giới: Vùng biển Tây Thái Bình Dương  
- Việt Nam: Quảng Ngãi, Khánh Hòa, vv… 
Giá trị sử dụng: dùng làm hàng mỹ nghệ"
36,Thân mềm,E.57307,Bullidae,Bulla vernicosa,"Gould, 1859",Ốc trứng hẹp nâu,Thuyền Chài,30.10.2020,08°15'52.2,113°21'45.5,,,,,,,"Tên tiếng Anh: Jujube Bulla
Tên tiếng Việt: Ốc trứng hẹp nâu
Kích thước: trung bình 3,5-4,5 cm. Mẫu lớn nhất có kích cỡ đạt tới 5 cm
Sinh thái học: Sống nơi các rạn đá, độ sâu 1-25 m  
Phân bố:  - Thế giới: Vùng biển Ân Độ - Thái Bình Dương  
- Việt Nam: Khánh Hòa, Phú Quốc, Côn Đảo, vv…  
Giá trị sử dụng: dùng làm hàng mỹ nghệ"
50,Thân mềm,E.57298,Strombidae,Conomurex luhuanus,"(Linnaeus, 1758)",Ốc nhảy đỏ lợi,Tốc Tan,13.10.2020,08°49'38.3,113°56'06.5,,,,1,1,,"Tên tiếng Anh: Strawberry Conch
Tên tiếng Việt: Ốc nhảy đỏ lợi
Kích thước: trung bình 5-6 cm. Mẫu lớn nhất có kích cỡ đạt tới 7.1 cm
Nơi sống: Sống ở đáy cát hoặc đá trong vùng rạn san hô 
Phân bố:  - Thế giới: Vùng biển Tây Thái Bình Dương 
- Việt Nam: Vùng biển Quảng Ngãi, Khánh Hòa, Ninh Thuận, Bình Thuận, vv…
Giá trị sử dụng: dùng làm thực phẩm và hàng mỹ nghệ

Nơi thu: Tốc Tan, ngày 13/10/2020"
48,Thân mềm,E.57328,Strombidae,Conomurex luhuanus,"(Linnaeus, 1758)",Ốc nhảy đỏ lợi,Đá Lớn,06.04.2021,09°59'46.1,113°50'39.1,,,,1,1,,"Tên tiếng Anh: Strawberry Conch
Tên tiếng Việt: Ốc nhảy đỏ lợi
Kích thước: trung bình 5-6 cm. Mẫu lớn nhất có kích cỡ đạt tới 7.1 cm
Nơi sống: Sống ở đáy cát hoặc đá trong vùng rạn san hô 
Phân bố:  - Thế giới: Vùng biển Tây Thái Bình Dương 
- Việt Nam: Vùng biển Quảng Ngãi, Khánh Hòa, Ninh Thuận, Bình Thuận, vv…
Giá trị sử dụng: dùng làm thực phẩm và hàng mỹ nghệ"
49,Thân mềm,E.57388,Strombidae,Conomurex luhuanus,"(Linnaeus, 1758)",Ốc nhảy đỏ lợi,Nam Yết,14.04.2021,10°10'35.9,114°21'45.5,,,,1,1,,"Tên tiếng Anh: Strawberry Conch
Tên tiếng Việt: Ốc nhảy đỏ lợi
Kích thước: trung bình 5-6 cm. Mẫu lớn nhất có kích cỡ đạt tới 7.1 cm
Nơi sống: Sống ở đáy cát hoặc đá trong vùng rạn san hô 
Phân bố:  - Thế giới: Vùng biển Tây Thái Bình Dương 
- Việt Nam: Vùng biển Quảng Ngãi, Khánh Hòa, Ninh Thuận, Bình Thuận, vv…
Giá trị sử dụng: dùng làm thực phẩm và hàng mỹ nghệ"
27,Thân mềm,E.57338,Conidae,Conus distans,"Hwass in Bruguière, 1792",Ốc cối vàng nhạt,Đá Lớn,06.04.2021,09°59'46.1,113°50'39.1,,LC,,1,,1,"Tên tiếng Anh: Distant Cone
Tên tiếng Việt: Ốc cối vàng nhạt
Kích thước: trung bình 8-10cm. Mẫu lớn nhất có kích cỡ đạt tới 15 cm
Nơi sống: Sống trên đáy đá, rạn san hô, độ sâu từ 1-20 m 
Phân bố: - Thế giới: Vùng biển Ấn Độ - Tây Thái Bình Dương  
- Việt Nam: Vùng biển Quảng Ngãi, Khánh Hòa, Ninh Thuận, vv… 
Giá trị sử dụng: dùng làm hàng mỹ nghệ"
56,Thân mềm,E.57342,Conidae,Conus flavidus,"Lamarck, 1810",Ốc cối vàng miệng tím,Đá Lớn,06.04.2021,09°59'46.1,113°50'39.1,,LC,,1,,1,"Tên tiếng Anh: Yellow Pacific Cone
Tên tiếng Việt: Ốc cối đuôi bằng đầu tím
Kích thước: trung bình 5-6 cm. Mẫu lớn nhất có kích cỡ đạt tới 7 cm
Nơi sống: Sống ở đáy cát, độ sâu từ 1-10 m 
Phân bố: - Thế giới: Vùng biển Ấn Độ - Tây Thái Bình Dương  
- Việt Nam: Vùng biển Quảng Ngãi, Khánh Hòa, vv… 
Giá trị sử dụng: dùng làm hàng mỹ nghệ"
1,Thân mềm,E.57343,Conidae,Conus imperialis,"Linnaeus, 1758",Ốc cối vua,Đá Lớn,06.04.2021,09°59'46.1,113°50'39.1,,LC,,1,,1,"Ốc cối vua – Imperial Cone
Kích thước: trung bình 6-8 cm. Mẫu lớn nhất có kích cỡ đạt tới 10 cm
Sinh thái học: Sống ở đáy cát và đá vùng rạn san hô, độ sâu từ 1-75 m 
Phân bố:   - Thế giới: Vùng biển Ấn Độ - Thái Bình Dương
  - Việt Nam: Vùng biển Khánh Hòa, Ninh Thuận, Côn Đảo, vv… 
Giá trị sử dụng: dùng làm hàng mỹ nghệ"
12,Thân mềm,E.57396,Conidae,Conus leopardus,"(Röding, 1798)",Ốc cối hột mè trắng,Thuyền Chài,02.05.2021,08°16'14.3,113°21'28.7,,LC,,1,,1,"Ốc cối hột mè trắng – Leopard Cone
Kích thước: trung bình 7-13cm. Mẫu lớn nhất có kích cỡ đạt tới 17 cm
Sinh thái học: Sống ở đáy cát quanh các rạn đá và san hô, vùng triều đến độ sâu 40 m  
Phân bố: - Thế giới: Vùng biển Ấn Độ - Tây Thái Bình Dương 
       - Việt Nam: Vùng biển Quảng Ngãi, Khánh Hòa, vv… 
Giá trị sử dụng: dùng làm hàng mỹ nghệ"
8,Thân mềm,E.57303,Conidae,Conus litteratus,"Linnaeus, 1758",Ốc cối đầu tím,Thuyền Chài,29.10.2020,08°15'52.2,113°21'45.5,,LC,,1,,1,"28. Ốc cối đầu tím – Lettered Cone
Kích thước: trung bình 7-12 cm. Mẫu lớn nhất có kích cỡ đạt tới 18 cm
Sinh thái học: Sống ở đáy cát hoặc bùn quanh các rạn đá, rạn san hô, độ sâu từ 1-50 m  
Phân bố: - Thế giới: Vùng biển Ấn Độ - Tây Thái Bình Dương  
      - Việt Nam: Dọc ven biển Việt Nam  
Giá trị sử dụng: dùng làm hàng mỹ nghệ"
6,Thân mềm,E.57353,Conidae,Conus litteratus,"Linnaeus, 1758",Ốc cối đầu tím,Đá Lớn,06.04.2021,09°59'46.1,113°50'39.1,,LC,,1,,1,"28. Ốc cối đầu tím – Lettered Cone
Kích thước: trung bình 7-12 cm. Mẫu lớn nhất có kích cỡ đạt tới 18 cm
Sinh thái học: Sống ở đáy cát hoặc bùn quanh các rạn đá, rạn san hô, độ sâu từ 1-50 m  
Phân bố: - Thế giới: Vùng biển Ấn Độ - Tây Thái Bình Dương  
      - Việt Nam: Dọc ven biển Việt Nam  
Giá trị sử dụng: dùng làm hàng mỹ nghệ"
7,Thân mềm,E.57387,Conidae,Conus litteratus,"Linnaeus, 1758",Ốc cối đầu tím,Nam Yết,14.04.2021,10°10'35.9,114°21'45.5,,LC,,1,,1,"28. Ốc cối đầu tím – Lettered Cone
Kích thước: trung bình 7-12 cm. Mẫu lớn nhất có kích cỡ đạt tới 18 cm
Sinh thái học: Sống ở đáy cát hoặc bùn quanh các rạn đá, rạn san hô, độ sâu từ 1-50 m  
Phân bố: - Thế giới: Vùng biển Ấn Độ - Tây Thái Bình Dương  
      - Việt Nam: Dọc ven biển Việt Nam  
Giá trị sử dụng: dùng làm hàng mỹ nghệ"
9,Thân mềm,E.57393,Conidae,Conus litteratus,"Linnaeus, 1758",Ốc cối đầu tím,Thuyền Chài,01.05.2021,08°16'14.3,113°21'28.7,1,LC,,1,,1,"28. Ốc cối đầu tím – Lettered Cone
Kích thước: trung bình 7-12 cm. Mẫu lớn nhất có kích cỡ đạt tới 18 cm
Sinh thái học: Sống ở đáy cát hoặc bùn quanh các rạn đá, rạn san hô, độ sâu từ 1-50 m  
Phân bố: - Thế giới: Vùng biển Ấn Độ - Tây Thái Bình Dương  
      - Việt Nam: Dọc ven biển Việt Nam  
Giá trị sử dụng: dùng làm hàng mỹ nghệ"
37,Thân mềm,E.57358,Conidae,Conus lividus,"Hwass in Bruguière, 1792",Ốc cối vai ngấn,Đá Lớn,06.04.2021,09°59'46.1,113°50'39.1,,LC,,1,,1,"Tên tiếng Anh: Livid Cone
Tên tiếng Việt: Ốc cối vai ngấn
Kích thước: trung bình 3,5-4,5 cm. Mẫu lớn nhất có kích cỡ đạt tới 5,2 cm
Nơi sống: Sống ở đáy cát hoặc đá, độ sâu từ 3-30 m 
Phân bố: - Thế giới: Vùng biển Ấn Độ - Thái Bình Dương  
- Việt Nam: Vùng biển Khánh Hòa, Ninh Thuận, vv… 
Giá trị sử dụng: dùng làm hàng mỹ nghệ"
40,Thân mềm,E.57360,Conidae,Conus quercinus,"[Lightfoot], 1786",Ốc cối da vàng,Đá Lớn,06.04.2021,09°59'46.1,113°50'39.1,,LC,,1,,1,"Tên tiếng Anh: Oak Cone
Tên tiếng Việt: Ốc cối da vàng
Kích thước: trung bình 5-8 cm. Mẫu lớn nhất có kích cỡ đạt tới 10 cm
Nơi sống: Sống nơi đáy cát, vùng dưới triều đến độ sâu 70 m 
Phân bố:  - Thế giới: Vùng biển Ấn Độ - Tây Thái Bình Dương     - Việt Nam: Vùng biển Bình Định, Khánh Hòa, Cà Ná, vv… 
Giá trị sử dụng: dùng làm hàng mỹ nghệ"
60,Thân mềm,E.57290,Muricidae,Coralliophila violacea,"(Kiener, 1836)","Ốc san hô miệng tím 
Silver Conch",Nam Yết,11.10.2020,10°11'08.8,114°22'05.32,,,,1,,1,"Ốc san hô miệng tím - Coralliophila violacea (Kiener, 1836)

Nơi sống: Đáy cát vùng rạn san hô 
Phân bố:  - Thế giới: Vùng biển Ấn Độ - Thái Bình Dương  
                  - Việt Nam: Vùng biển Quảng Ngãi, Khánh Hòa, Ninh Thuận, vv…
Kích thước: Trung bình 7-8 cm. Mẫu lớn nhất có kích cỡ đạt tới 9,5 cm
Giá trị sử dụng: Dùng làm hàng mỹ nghệ

Nơi thu: Nam Yết, ngày 11/10/2020"
4,Thân mềm,E.57293,Cypraeidae,Cypraea tigris,"Linnaeus, 1758","Ốc sứ vân hổ
Tiger Cowry",Tốc Tan,13.10.2020,08°49'38.3,113°56'06.5,,,,1,,1,"Ốc sứ vân hổ - Cypraea tigris (Linnaeus, 1758)

Nơi sống: Trên đá, rạn san hô, vùng triều đến độ sâu 40 m   
Phân bố:  - Thế giới: Vùng biển Tây Nam Thái Bình Dương  
                  - Việt Nam: Vùng biển các tỉnh phía Bắc, Quảng Ngãi, Khánh Hòa, Ninh Thuận, Bình Thuận, Phú Quốc, vv… 
Kích thước: Trung bình 8 - 12cm. Mẫu lớn nhất có kích cỡ đạt tới 14 cm
Giá trị sử dụng: Dùng làm hàng mỹ nghệ

Nơi thu: Tốc Tan, ngày 13/10/2020"
2,Thân mềm,E.57321,Cypraeidae,Cypraea tigris,"Linnaeus, 1758",Ốc sứ vân hổ,Đá Lớn,06.04.2021,09°59'46.1,113°50'39.1,,,,1,,1,"Ốc sứ vân hổ - Tiger Cowry 
Kích thước: trung bình 8 - 12cm. Mẫu lớn nhất có kích cỡ đạt tới 14 cm
Sinh thái học: Sống trên đá, rạn san hô, vùng triều đến độ sâu 40 m   
Phân bố:  - Thế giới: Vùng biển Tây Nam Thái Bình Dương  
  - Việt Nam: Vùng biển các tỉnh phía Bắc, Quảng Ngãi, Khánh Hòa, Ninh Thuận, Bình Thuận, Phú Quốc, vv… 
Giá trị sử dụng: dùng làm hàng mỹ nghệ"
3,Thân mềm,E.57386,Cypraeidae,Cypraea tigris,"Linnaeus, 1758",Ốc sứ vân hổ,Nam Yết,14.04.2021,10°10'35.9,114°21'45.5,,,,1,,1,"Ốc sứ vân hổ - Tiger Cowry 
Kích thước: trung bình 8 - 12cm. Mẫu lớn nhất có kích cỡ đạt tới 14 cm
Sinh thái học: Sống trên đá, rạn san hô, vùng triều đến độ sâu 40 m   
Phân bố:  - Thế giới: Vùng biển Tây Nam Thái Bình Dương  
  - Việt Nam: Vùng biển các tỉnh phía Bắc, Quảng Ngãi, Khánh Hòa, Ninh Thuận, Bình Thuận, Phú Quốc, vv… 
Giá trị sử dụng: dùng làm hàng mỹ nghệ"
44,Thân mềm,E.57363,Muricidae,Drupa morum,"Röding, 1798",Ốc gai miệng tím,Đá Lớn,06.04.2021,09°59'46.1,113°50'39.1,1,,,1,,1,"Tên tiếng Anh: Purple Pacific Drupe
Tên tiếng Việt: Ốc gai dẹp mặt tím 
Kích thước: trung bình 2,5-3 cm. Mẫu lớn nhất có kích cỡ đạt tới 3,5 cm
Nơi sống: Sống trên các rạn đá hoặc san hô, độ sâu từ 1-15 m 
Phân bố: - Thế giới: Vùng biển Ấn Độ - Thái Bình Dương  
- Việt Nam: Vùng biển Quảng Ngãi, Khánh Hòa, vv… 
Giá trị sử dụng: dùng làm hàng mỹ nghệ"
43,Thân mềm,E.57366,Muricidae,Drupa ricinus,"(Linnaeus, 1758)",Ốc gai miệng vàng,Đá Lớn,06.04.2021,09°59'46.1,113°50'39.1,,,,1,,1,"Tên tiếng Anh: Prickly Pacific Drupe
Tên tiếng Việt: Ốc gai chỉ vàng
Kích thước: trung bình 2-2,5 cm. Mẫu lớn nhất có kích cỡ đạt tới 3 cm
Nơi sống: Sống trên các rạn đá hoặc san hô, độ sâu từ 1-15 m 
Phân bố: - Thế giới: Vùng biển Ấn Độ - Thái Bình Dương  
- Việt Nam: Vùng biển Quảng Ngãi, Khánh Hòa, Ninh Thuận, Bình Thuận, vv… 
Giá trị sử dụng: dùng làm hàng mỹ nghệ"
51,Thân mềm,E.57367,Muricidae,Drupa rubusidaeus,"Röding, 1798",Ốc gai miệng đỏ,Đá Lớn,06.04.2021,09°59'46.1,113°50'39.1,,,,1,,1,"Tên tiếng Anh: Strawberry Drupe
Tên tiếng Việt: Ốc gai tím đỏ
Kích thước: trung bình 3-4 cm. Mẫu lớn nhất có kích cỡ đạt tới 5 cm
Nơi sống: Sống trên các rạn đá hoặc san hô, độ sâu từ 1-16 m 
Phân bố: - Thế giới: Vùng biển Ấn Độ - Thái Bình Dương  
- Việt Nam: Vùng biển Quảng Ngãi, Khánh Hòa, Ninh Thuận, vv… 
Giá trị sử dụng: dùng làm hàng mỹ nghệ"
52,Thân mềm,E.57400,Muricidae,Drupa rubusidaeus,"Röding, 1798",Ốc gai miệng đỏ,Tốc Tan,17.10.2020,08°49'38.3,113°56'06.5,,,,1,,1,"Tên tiếng Anh: Strawberry Drupe
Tên tiếng Việt: Ốc gai tím đỏ
Kích thước: trung bình 3-4 cm. Mẫu lớn nhất có kích cỡ đạt tới 5 cm
Nơi sống: Sống trên các rạn đá hoặc san hô, độ sâu từ 1-16 m 
Phân bố: - Thế giới: Vùng biển Ấn Độ - Thái Bình Dương  
- Việt Nam: Vùng biển Quảng Ngãi, Khánh Hòa, Ninh Thuận, vv… 
Giá trị sử dụng: dùng làm hàng mỹ nghệ"
34,Thân mềm,E.57316,Muricidae,Drupella cornus,"(Röding, 1798)",Ốc gai hột nhọn,Song Tử Tây,30.03.2021,11°26'07.0,114°20'04.5,,,,1,,1,"Tên tiếng Anh: Horn Drupe
Tên tiếng Việt: Ốc gai hột nhọn
Kích thước: trung bình 3-3,5 cm. Mẫu lớn nhất có kích cỡ đạt tới 4,5 cm
Nơi sống: Sống trên các rạn đá, độ sâu từ 5-30 m 
Phân bố: - Thế giới: Vùng biển Ấn Độ - Thái Bình Dương  
- Việt Nam: Vùng biển Khánh Hòa, Ninh Thuận, Côn Đảo, vv… 
Giá trị sử dụng: dùng làm hàng mỹ nghệ"
31,Thân mềm,E.57362,Fasciolariidae,Filifusus filamentosus,"(Röding, 1798)",Ốc thoi đỏ,Đá Lớn,06.04.2021,09°59'46.1,113°50'39.1,1,,,1,,1,"Tên tiếng Anh: Filamentosus Horn Cone
Tên tiếng Việt: Ốc thoi đỏ
Kích thước: trung bình 10-14 cm. Mẫu lớn nhất có kích cỡ đạt tới 17 cm
Nơi sống: Sống trên các rạn đá, độ sâu từ 1-35 m 
Phân bố: - Thế giới: Vùng biển Ấn Độ - Thái Bình Dương  
- Việt Nam: Vùng biển Quảng Ngãi, Khánh Hòa, Ninh Thuận, Côn Đảo, vv… 
Giá trị sử dụng: dùng làm hàng mỹ nghệ"
23,Thân mềm,E.57289,Lucinidae,Fimbria fimbriata,"(Linnaeus, 1758)","Sò tròn dài
Common Basket Lucina",Đá Nam,06.10.2020,11°24'57,114°19'30.8,,,,,,,"Sò tròn dài - Fimbria fimbriata (Linnaeus, 1758) 

Nơi sống: Ở đáy cát gần các rạn san hô, độ sâu từ 5-50 m 
Phân bố: - Thế giới: Vùng biển Ấn Độ - Thái Bình Dương  
                - Việt Nam: Vùng biển Khánh Hòa, Ninh Thuận, vv… 
Kích thước: Trung bình 6-8 cm. Mẫu lớn nhất có kích cỡ đạt tới 10 cm
Giá trị sử dụng: Dùng làm thực phẩm và hàng mỹ nghệ

Nơi thu: Đá Nam, ngày 6/10/2020"
19,Thân mềm,E.57288,Strombidae,Harpago chiragra,"(Linnaeus, 1758)","Ốc bàn tay quéo
Chiragra Spider Conch",Đá Nam,06.10.2020,11°24'57,114°19'30.8,1,,,1,1,,"Ốc bàn tay quéo - Harpago chiragra (Linnaeus, 1758)

Nơi sống: Ở đáy cát trong vùng rạn san hô, độ sâu từ 1-25 m
Phân bố:  -Thế giới: Vùng biển đông Ấn Độ Dương đến Polynesia 
                - Việt Nam: Vùng biển Quảng Ngãi, Khánh Hòa, Ninh Thuận, Bình Thuận, vv… 
Kích thước: Trung bình 17-25 cm. Mẫu lớn nhất có kích cỡ đạt tới 32 cm
Giá trị sử dụng: Dùng làm thực phẩm và hàng mỹ nghệ

Nơi thu: Đá Nam, ngày 6/10/2020"
20,Thân mềm,E.57295,Strombidae,Harpago chiragra,"(Linnaeus, 1758)",Ốc bàn tay quéo,Tốc Tan,13.10.2020,08°49'38.3,113°56'06.5,1,,,1,1,,"Tên tiếng Anh: Chiragra Spider Conch
Tên tiếng Việt: Ốc bàn tay quéo
Kích thước: trung bình 17-25 cm. Mẫu lớn nhất có kích cỡ đạt tới 32 cm
Nơi sống: Sống ở đáy cát trong vùng rạn san hô, độ sâu từ 1-25 m
Phân bố:  -Thế giới: Vùng biển đông Ấn Độ Dương đến Polynesia 
- Việt Nam: Vùng biển Quảng Ngãi, Khánh Hòa, Ninh Thuận, Bình Thuận, vv… 
Giá trị sử dụng: dùng làm thực phẩm và hàng mỹ nghệ

Nơi thu: Tốc Tan, ngày 13/10/2020"
58,Thân mềm,E.57306,Tridacnidae,Hippopus hippopus,"(Linnaeus, 1758)",Trai tai nghé,Thuyền Chài,30.10.2020,08°15'52.2,113°21'45.5,1,,VU,,,,"Trai tai nghé – Bear Paw Clam 
Kích thước: trung bình 30-40cm. Mẫu lớn nhất có kích cỡ đạt tới 70 cm
Sinh thái học: Sống trên các rạn san hô, độ sâu 3-20 m  
Phân bố:  - Thế giới: Vùng biển Ấn Độ - Tây Thái Bình Dương  
  - Việt Nam: Vùng biển Khánh Hòa, vv… 
Giá trị sử dụng: chưa rõ"
59,Thân mềm,E.57390,Tridacnidae,Hippopus hippopus,"(Linnaeus, 1758)",Trai tai nghé,Tốc Tan,17.10.2020,08°49'38.3,113°56'06.5,1,,VU,,,,"Trai tai nghé – Bear Paw Clam 
Kích thước: trung bình 30-40cm. Mẫu lớn nhất có kích cỡ đạt tới 70 cm
Sinh thái học: Sống trên các rạn san hô, độ sâu 3-20 m  
Phân bố:  - Thế giới: Vùng biển Ấn Độ - Tây Thái Bình Dương  
  - Việt Nam: Vùng biển Khánh Hòa, vv… 
Giá trị sử dụng: chưa rõ"
25,Thân mềm,E.57310,Strombidae,Lambis lambis,"(Linnaeus, 1758)",Ốc bàn tay ria,Thuyền Chài,30.10.2020,08°15'52.2,113°21'45.5,1,,,1,1,,"Tên tiếng Anh: Common Spider Conch
Tên tiếng Việt: Ốc bàn tay ria
Kích thước: trung bình 18-20 cm. Mẫu lớn nhất có kích cỡ đạt tới 25 cm
Nơi sống: Sống ở đáy cát trong vùng rạn san hô, độ sâu từ 1-25 m
Phân bố:  - Thế giới: Vùng biển Ấn Độ – Tây Thái Bình Dương 
- Việt Nam: Vùng biển Quảng Ngãi, Khánh Hòa, Ninh Thuận, Côn Đảo, vv….
Giá trị sử dụng: dùng làm thực phẩm và hàng mỹ nghệ"
24,Thân mềm,E.57334,Strombidae,Lambis lambis,"(Linnaeus, 1758)",Ốc bàn tay ria,Đá Lớn,06.04.2021,09°59'46.1,113°50'39.1,1,,,1,1,,"Tên tiếng Anh: Common Spider Conch
Tên tiếng Việt: Ốc bàn tay ria
Kích thước: trung bình 18-20 cm. Mẫu lớn nhất có kích cỡ đạt tới 25 cm
Nơi sống: Sống ở đáy cát trong vùng rạn san hô, độ sâu từ 1-25 m
Phân bố:  - Thế giới: Vùng biển Ấn Độ – Tây Thái Bình Dương 
- Việt Nam: Vùng biển Quảng Ngãi, Khánh Hòa, Ninh Thuận, Côn Đảo, vv….
Giá trị sử dụng: dùng làm thực phẩm và hàng mỹ nghệ"
62,Thân mềm,E.57311,Strombidae,Lentigo lentiginosus,"(Linnaeus, 1758)",Ốc nhảy da cóc,Thuyền Chài,30.10.2020,08°15'52.2,113°21'45.5,1,,,1,1,,"Tên tiếng Anh: Silver Conch
Tên tiếng Việt: Ốc nhảy da cóc
Kích thước: trung bình 7-8 cm. Mẫu lớn nhất có kích cỡ đạt tới 9,5 cm
Nơi sống: Sống đáy cát vùng rạn san hô 
Phân bố:         - Thế giới: Vùng biển Ấn Độ - Thái Bình Dương                
- Việt Nam: Vùng biển Quảng Ngãi, Khánh Hòa, Ninh Thuận, vv…
Giá trị sử dụng: dùng làm hàng mỹ nghệ"
61,Thân mềm,E.57335,Strombidae,Lentigo lentiginosus,"(Linnaeus, 1758)",Ốc nhảy da cóc,Đá Lớn,06.04.2021,09°59'46.1,113°50'39.1,,,,1,1,,"Tên tiếng Anh:Violet Mouth Coral Shell
Tên tiếng Việt: Ốc san hô miệng tím
Kích thước: trung bình 1,5-2 cm. Mẫu lớn nhất có kích cỡ đạt tới 2,5 cm
Nơi sống: Sống ở vùng rạn san hô, độ sâu từ 1-40 m 
Phân bố:  - Thế giới: Vùng biển Ấn Độ - Thái Bình Dương  
- Việt Nam: Vùng biển Khánh Hòa, Ninh Thuận, vv…
Giá trị sử dụng: dùng làm hàng mỹ nghệ"
35,Thân mềm,E.57403,Cypraeidae,Luria isabella,"(Linnaeus, 1758)",Ốc sứ đầu cam,Tốc Tan,17.10.2020,08°49'38.3,113°56'06.5,1,,,,,,"Tên tiếng Anh: Isabella Cowrie
Tên tiếng Việt: Ốc sứ đầu đỏ
Kích thước: trung bình 2-3 cm. Mẫu lớn nhất có kích cỡ đạt tới 3,7 cm
Nơi sống: Sống trong các hốc đá hoặc san hô, độ sâu từ 1-25 m
Phân bố:  - Thế giới: Vùng biển Tây Thái Bình Dương 
- Việt Nam: Vùng biển Quảng Ngãi, Khánh Hòa, Ninh Thuận, Côn Đảo, vv….
Giá trị sử dụng: dùng làm hàng mỹ nghệ"
38,Thân mềm,E.57323,Cypraeidae,Lyncina lynx,"(Linnaeus, 1758)",Ốc sứ bông chấm đen,Đá Lớn,06.04.2021,09°59'46.1,113°50'39.1,1,,,1,,1,"Tên tiếng Anh: Lynx Cowrie
Tên tiếng Việt: Ốc sứ đầu đỏ
Kích thước: trung bình 3-4 cm. Mẫu lớn nhất có kích cỡ đạt tới 5 cm
Nơi sống: Sống trong các hốc đá hoặc san hô, độ sâu từ 1-20 m
Phân bố:  - Thế giới: Vùng biển Tây Thái Bình Dương 
- Việt Nam: Vùng biển Quảng Ngãi, Khánh Hòa, Ninh Thuận, vv….
Giá trị sử dụng: dùng làm hàng mỹ nghệ"
18,Thân mềm,E.57368,Muricidae,Mancinella armigera,"Link, 1807",Ốc đá,Đá Lớn,06.04.2021,09°59'46.1,113°50'39.1,,,,,,,"Tên tiếng Anh: Belligerent Rock Shell
Tên tiếng Việt: Ốc gai vàng ụ thô
Kích thước: trung bình 5-6 cm. Mẫu lớn nhất có kích cỡ đạt tới 9 cm
Nơi sống: Sống ở trong các rạn đá, độ sâu từ 1-15 m
Phân bố:  - Thế giới: Vùng biển Tây Thái Bình Dương 
- Việt Nam: Vùng biển Quảng Ngãi, Khánh Hòa, vv….
Giá trị sử dụng: dùng làm hàng mỹ nghệ"
33,Thân mềm,E.57309,Cypraeidae,Monetaria annulus,"(Linnaeus, 1758)",Ốc sứ vòng vàng,Thuyền Chài,30.10.2020,08°15'52.2,113°21'45.5,,,,1,,1,"Tên tiếng Anh: Gold Ring Cowrie
Tên tiếng Việt: Ốc sứ vòng vàng
Kích thước: trung bình 2-2,5 cm. Mẫu lớn nhất có kích cỡ đạt tới 3 cm
Nơi sống: Sống ở đáy cát quanh các rạn san hô, độ sâu từ 1-10 m
Phân bố:  - Thế giới: Vùng biển Ấn Độ - Thái Bình Dương 
- Việt Nam: Vùng biển Quảng Ngãi, Khánh Hòa, Ninh Thuận, Bình Thuận, Côn Đảo, vv….
Giá trị sử dụng: dùng làm hàng mỹ nghệ"
45,Thân mềm,E.57325,Cypraeidae,Monetaria caputserpentis,"(Linnaeus, 1758)",Ốc sứ đen,Đá Lớn,06.04.2021,09°59'46.1,113°50'39.1,,,,1,,1,"Tên tiếng Anh: Serpent’s Head Cowrie
Tên tiếng Việt: Ốc sứ Serpent
Kích thước: trung bình 3-3,5 cm. Mẫu lớn nhất có kích cỡ đạt tới 4 cm
Nơi sống: Sống ở đáy cát quanh các rạn san hô hoặc cỏ bển, độ sâu từ 1-10 m
Phân bố:  - Thế giới: Vùng biển Ấn Độ - Tây Thái Bình Dương 
- Việt Nam: Vùng biển Quảng Ngãi, Khánh Hòa, Ninh Thuận, Côn Đảo, vv….
Giá trị sử dụng: dùng làm hàng mỹ nghệ"
41,Thân mềm,E.57302,Neritidae,Nerita albicilla,"Linnaeus, 1758","Ốc móng ngựa méo
 Ox-palate Nerite",Tốc Tan,17.10.2020,08°49'38.3,113°56'06.5,,,,1,1,,"Ốc móng ngựa méo - Nerita albicilla (Linnaeus, 1758)

Nơi sống: Ở vùng triều bờ đá 
Phân bố:  - Thế giới: Vùng biển Ấn Độ - Thái Bình Dương 
                 - Việt Nam: Vùng biển Quảng Ninh, Hải Phòng, Hà Tĩnh, Nghệ An, Quảng Ngãi, Khánh Hòa, vv…. 
Kích thước: Trung bình 1-1,5 cm. Mẫu lớn nhất có kích cỡ đạt tới 2 cm
Giá trị sử dụng: Dùng làm thực phẩm và hàng mỹ nghệ

Nơi thu: Tốc Tan, ngày 17/10/2020"
30,Thân mềm,E.57320,Phyllidiidae,Phyllidia elegans,"Bergh, 1869",Sên biển,Song Tử Tây,30.03.2021,11°26'07.0,114°20'04.5,1,,,,,,"Tên tiếng Anh: Elegant Phyllidia
Tên tiếng Việt: Ốc không vỏ Elegant
Kích thước: trung bình 3-4 cm. Mẫu lớn nhất có kích cỡ đạt tới 5 cm
Nơi sống: Sống ở vùng cận triều 
Phân bố:  - Thế giới: Vùng biển Ấn Độ - Tây Thái Bình Dương 
- Việt Nam: Vùng biển Khánh Hòa, Côn Đảo, vv…. 
Giá trị sử dụng: chưa rõ"
57,Thân mềm,E.57391,Pteriidae,Pinctada margaritifera,"(Linnaeus, 1758)",Trai Ngọc môi đen,Tốc Tan,28.04.2021,08°49'43.8,113°58'30.3,1,,VU,1,,1,"Trai ngọc môi đen – Pacific Pearl Oyster 
Kích thước: trung bình 12-15cm. Mẫu lớn nhất có kích cỡ đạt tới 18 cm
Sinh thái học: Sống ở đáy đá sỏi, vùng dưới triều đến độ sâu 20 m  
Phân bố:  - Thế giới: Vùng biển Ấn Độ - Thái Bình Dương  
  - Việt Nam: Vùng biển Quảng Ninh, Hải Phòng, Quảng Ngãi, Khánh Hòa, Bình Thuận, Côn Đảo, Phú Quốc, vv… 
Giá trị sử dụng: dùng làm thực phầm và hàng mỹ nghệ"
42,Thân mềm,E.57297,Pteriidae,Pteria penguin,"(Röding, 1798)",Trai ngọc nữ,Tốc Tan,13.10.2020,08°49'38.3,113°56'06.5,1,,VU,1,,1,"Tên tiếng Anh: Penguin Wing Oyster
Tên tiếng Việt: Ngọc nữ
Kích thước: trung bình 15-20 cm. Mẫu lớn nhất có kích cỡ đạt tới 28 cm
Nơi sống: Sống trên các rạn đá, độ sâu từ 5-35 m. 
Phân bố:  - Thế giới: Vùng biển Ấn Độ - Tây Thái Bình Dương 
- Việt Nam: Vùng biển Khánh Hòa, Ninh Thuận, Bình Thuận, Côn Đảo, vv…. 
Giá trị sử dụng: dùng làm thực phẩm và hàng mỹ nghệ

Nơi thu: Tốc Tan, ngày 13/10/2020"
17,Thân mềm,E.57285,Cerithiidae,Rhinoclavis articulata,"(Adams & Reeve, 1850)","Ốc hút
Articulate Vertagus",Đá Nam,06.10.2020,11°24'57,114°19'30.8,,,,,,,"Ốc hút - Rhinoclavis articulata (Adams & Reeve, 1850)

Nơi sống: Trên cát và đá sỏi thô, độ sâu từ 1-5 m. 
Phân bố:  - Thế giới: Vùng biển Thái Bình Dương 
                 - Việt Nam: Vùng biển Khánh Hòa, Ninh Thuận,  vv…. 
Kích thước: Trung bình 3-4 cm. Mẫu lớn nhất có kích cỡ đạt tới 5 cm
Giá trị sử dụng: Dùng làm hàng mỹ nghệ

Nơi thu: Đá Nam, ngày 6/10/2022"
26,Thân mềm,E.57291,Tegulidae,Rochia conus,"(Gmelin, 1791)","Ốc đụn chấm cam
Cone Shaped Top",Nam Yết,11.10.2020,10°11'08.8,114°22'05.32,,,,1,,1,"Ốc đụn chấm cam - Rochia conus (Gmelin, 1791)

Nơi sống: Trên đá, độ sâu từ 1-5 m 
Phân bố:  - Thế giới: Vùng biển Ấn Độ - Thái Bình Dương 
                 - Việt Nam: Vùng biển Quảng Ngãi, Khánh Hòa, vv...
Kích thước: Trung bình 4.5-6cm. Mẫu lớn nhất có kích cỡ đạt tới 7 cm
Giá trị sử dụng: Dùng làm thực phẩm và hàng mỹ nghệ

Nơi thu: Nam Yết, ngày 11/10/2020"
22,Thân mềm,E.57299,Tegulidae,Rochia nilotica,"(Linnaeus, 1767)","Ốc đụn cái
Commercial Trochus",Tốc Tan,13.10.2020,08°49'38.3,113°56'06.5,1,,,1,,1,"Ốc đụn cái - Rochia nilotica (Linnaeus, 1767)

Nơi sống: Trên đá, độ sâu từ 1 đến 20 m 
Phân bố:  - Thế giới: Vùng biển Ấn Độ - Thái Bình Dương
                - Việt Nam: Vùng biển các tỉnh phía Bắc, Đà Nẵng, Quảng Ngãi, Bình Định, Phú Yên, Khánh Hòa, vv ….
Kích thước: Trung bình 8-10 cm. Mẫu lớn nhất có kích cỡ đạt tới 15 cm
Giá trị sử dụng: Dùng làm thực phẩm và hàng mỹ nghệ

Nơi thu: Tốc Tan, ngày 13/10/2020"
21,Thân mềm,E.57305,Tegulidae,Rochia nilotica,"(Linnaeus, 1767)","Ốc đụn cái
Commercial Trochus",Thuyền Chài,29.10.2020,08°15'52.2,113°21'45.5,,,,1,,1,"Ốc đụn cái - Rochia nilotica (Linnaeus, 1767)

Nơi sống: Sống trên đá, độ sâu từ 1 đến 20 m 
Phân bố:  - Thế giới: Vùng biển Ấn Độ - Thái Bình Dương
                - Việt Nam: Vùng biển các tỉnh phía Bắc, Đà Nẵng, Quảng Ngãi, Bình Định, Phú Yên, Khánh Hòa, vv ….
Kích thước: Trung bình 8-10 cm. Mẫu lớn nhất có kích cỡ đạt tới 15 cm
Giá trị sử dụng: Dùng làm thực phẩm và hàng mỹ nghệ

Nơi thu: Thuyền chài, ngày 29/10/2020"
28,Thân mềm,E.57315,Spondylidae,Spondylus squamosus,"Schreibers, 1793",Sò gai dày,Thuyền Chài,30.10.2020,08°15'52.2,113°21'45.5,1,,,1,1,,"Tên tiếng Anh: Ducal Thorny Oyster
Tên tiếng Việt: Hàu hương gai dày, sò gai dày
Kích thước: trung bình 5-7 cm. Mẫu lớn nhất có kích cỡ đạt tới 10 cm
Nơi sống: Sống bám trên đá hoặc san hô chết, độ sâu từ 1-15 m 
Phân bố:  - Thế giới: Vùng biển Ấn Độ - Tây Thái Bình Dương
- Việt Nam: Vùng biển Khánh Hòa, Ninh Thuận, vv ….
Giá trị sử dụng: dùng làm thực phẩm và hàng mỹ nghệ"
29,Thân mềm,E.57392,Spondylidae,Spondylus squamosus,"Schreibers, 1793",Sò gai dày,Tốc Tan,28.04.2021,08°49'43.8,113°58'30.3,1,,,1,1,,"Tên tiếng Anh: Ducal Thorny Oyster
Tên tiếng Việt: Hàu hương gai dày, sò gai dày
Kích thước: trung bình 5-7 cm. Mẫu lớn nhất có kích cỡ đạt tới 10 cm
Nơi sống: Sống bám trên đá hoặc san hô chết, độ sâu từ 1-15 m 
Phân bố:  - Thế giới: Vùng biển Ấn Độ - Tây Thái Bình Dương
- Việt Nam: Vùng biển Khánh Hòa, Ninh Thuận, vv ….
Giá trị sử dụng: dùng làm thực phẩm và hàng mỹ nghệ"
14,Thân mềm,E.57300,Tegulidae,Tectus pyramis,"(Born, 1778)","Ốc đụn đực
Pyramid Top",Tốc Tan,13.10.2020,08°49'38.3,113°56'06.5,1,,EN,1,,1,"Ốc đụn đực – Tectus pyramis (Born, 1778)

Nơi sống: Trên đá ở vùng dưới triều (Okutani, 2000)
Phân bố:  - Thế giới: Vùng biển Ấn Độ - Thái Bình Dương  
                - Việt Nam: Vùng biển Quảng Ninh, Hải Phòng, Khánh Hòa, Côn Đảo, vv… 
Giá trị sử dụng: Dùng làm thực phẩm và hàng mỹ nghệ
Kích thước: Trung bình 6-7 cm. Mẫu lớn nhất có kích cỡ đạt tới 10 cm

Nơi thu: Tốc Tan, ngày 13/10/2020"
13,Thân mềm,E.57371,Tegulidae,Tectus pyramis,"(Born, 1778)",Ốc đụn đực,Đá Lớn,06.04.2021,09°59'46.1,113°50'39.1,1,,EN,1,,1,"Ốc đụn đực – Pyramid Top 
Kích thước: trung bình 6-7 cm. Mẫu lớn nhất có kích cỡ đạt tới 10 cm
Sinh thái học: Sống trên đá ở vùng dưới triều (Okutani, 2000)
Phân bố:  - Thế giới: Vùng biển Ấn Độ - Thái Bình Dương  
  - Việt Nam: Vùng biển Quảng Ninh, Hải Phòng, Khánh Hòa, Côn Đảo, vv… 
Giá trị sử dụng: dùng làm thực phẩm và hàng mỹ nghệ"
53,Thân mềm,E.57401,Tegulidae,Tectus triserialis,"(Lamarck, 1822",Ốc đụn đỉnh nhọn,Tốc Tan,17.10.2020,08°49'38.3,113°56'06.5,1,,,,,,"Tên tiếng Anh: Tall Top Shell
Tên tiếng Việt: Ốc đụn tháp cao
Kích thước: trung bình 4-5 cm. Mẫu lớn nhất có kích cỡ đạt tới 6 cm
Nơi sống: Sống ở vùng cận triều trên đá 
Phân bố:  - Thế giới: Vùng biển  Tây Thái Bình Dương
- Việt Nam: Vùng biển Khánh Hòa, Ninh Thuận, vv ….
Giá trị sử dụng: dùng làm hàng mỹ nghệ"
5,Thân mềm,E.57286,Tridacnidae,Tridacna crocea,"Lamarck, 1819","Trai tai tượng nhỏ
Boring Clam",Đá Nam,06.10.2020,11°24'57,114°19'30.8,,LC,,,,,"Trai tai tượng dẹp/nhỏ – Tridacna crocea Lamarck, 1819

Nơi sống: Bám trên các rạn san hô, độ sâu 1-15 m  
Phân bố:  - Thế giới: Vùng biển Ấn Độ - Tây Thái Bình Dương  
                 - Việt Nam: Vùng biển Khánh Hòa, Côn Đảo, Phú Quốc, vv… 
Kích thước: Trung bình 12-15cm. Mẫu lớn nhất có kích cỡ đạt tới 20 cm
Giá trị sử dụng: Chưa rõ

Nơi thu: Đá Nam, ngày 6/10/2020"
39,Thân mềm,E.57372,Trochidae,Trochus maculatus,"Linnaeus, 1758",Ốc đụn vệt nâu,Đá Lớn,06.04.2021,09°59'46.1,113°50'39.1,,,,1,,1,"Tên tiếng Anh: Maculated Top
Tên tiếng Việt: Ốc đụn vệt nâu
Kích thước: trung bình 4-5 cm. Mẫu lớn nhất có kích cỡ đạt tới 7 cm
Nơi sống: Sống trên đá ở vùng triều đến vùng dưới triều 
Phân bố:  - Thế giới: Vùng biển Ấn Độ - Thái Bình Dương  
- Việt Nam: Vùng biển Quảng Ninh, Hải Phòng, Hà Tĩnh, Nghệ An, Khánh Hòa, Ninh Thuận, Côn Đảo, vv…
Giá trị sử dụng: dùng làm thực phẩm và hàng mỹ nghệ"
46,Thân mềm,E.57380,Turbinidae,Turbo argyrostomus,"Linnaeus, 1758",Ốc Mặt trăng miệng ánh bạc,Đá Lớn,06.04.2021,09°59'46.1,113°50'39.1,,,,1,,1,"Tên tiếng Anh: Silvermouth Turban
Tên tiếng Việt: Ốc mặt trăng miệng ánh bạc
Kích thước: trung bình 5-6 cm. Mẫu lớn nhất có kích cỡ đạt tới 8 cm
Nơi sống: Sống trên đá, độ sâu từ 1-30 m
Phân bố:  - Thế giới: Vùng biển Ấn Độ - Thái Bình Dương  
- Việt Nam: Vùng biển Quảng Ngãi, Khánh Hòa, Ninh Thuận, vv…
Giá trị sử dụng: dùng làm thực phẩm và hàng mỹ nghệ"
47,Thân mềm,E.57399,Turbinidae,Turbo argyrostomus,"Linnaeus, 1758",Ốc Mặt trăng miệng ánh bạc,Tốc Tan,17.10.2020,08°49'38.3,113°56'06.5,,,,1,,1,"Tên tiếng Anh: Silvermouth Turban
Tên tiếng Việt: Ốc mặt trăng miệng ánh bạc
Kích thước: trung bình 5-6 cm. Mẫu lớn nhất có kích cỡ đạt tới 8 cm
Nơi sống: Sống trên đá, độ sâu từ 1-30 m
Phân bố:  - Thế giới: Vùng biển Ấn Độ - Thái Bình Dương  
- Việt Nam: Vùng biển Quảng Ngãi, Khánh Hòa, Ninh Thuận, vv…
Giá trị sử dụng: dùng làm thực phẩm và hàng mỹ nghệ"
15,Thân mềm,E.57292,Bursidae,Tutufa bubo,"(Linnaeus, 1758)","Ốc tù và gai lớn
Giant Frog Shell",Tốc Tan,13.10.2020,08°49'38.3,113°56'06.5,1,,,1,,1,"Ốc tù và gai lớn – Tutufa bubo (Linnaeus, 1758)

Nơi sống: Ở vùng triều đến vùng dưới triều  
Phân bố:  - Thế giới: Vùng biển Ấn Độ - Thái Bình Dương 
                 - Việt Nam: Vùng biển Quảng Ngãi, Khánh Hòa, Ninh Thuận, vv… 
Kích thước: Trung bình 20-25 cm. Mẫu lớn nhất có kích cỡ đạt tới 34 cm
Giá trị sử dụng: Dùng làm hàng mỹ nghệ

Nơi thu: Tốc Tan, ngày 13/10/2020"
16,Thân mềm,E.57319,Muricidae,Tylothais aculeata,"(Deshayes, 1844)",Ốc gai hột thô,Song Tử Tây,30.03.2021,11°26'07.0,114°20'04.5,,,,1,,1,"Tên tiếng Anh: Aculeate Rock Shell
Tên tiếng Việt: Ốc gai nâu gai thô
Kích thước: trung bình 2,5-3,5 cm. Mẫu lớn nhất có kích cỡ đạt tới 5 cm
Nơi sống: Sống trên đá ở vùng triều đến vùng dưới triều 
Phân bố:  - Thế giới: Vùng biển Ấn Độ - Thái Bình Dương  
   - Việt Nam: Vùng biển Khánh Hòa, Ninh Thuận, vv…
Giá trị sử dụng: dùng làm hàng mỹ nghệ"
10,Thân mềm,E.57296,Turbinellidae,Vasum ceramicum,"(Linnaeus, 1758)",Ốc mãng cầu dài,Tốc Tan,13.10.2020,08°49'38.3,113°56'06.5,,,,1,,1,"55. Ốc mãng cầu lớn - Ceramic Vase
Kích thước: trung bình 10-13cm. Mẫu lớn nhất có kích cỡ đạt tới 15 cm
Sinh thái học: Sống trên các gờ rạn đá ở vùng triểu đến độ sâu 5 m 
Phân bố:  - Thế giới: Vùng biển Ấn Độ - Thái Bình Dương  
  - Việt Nam: Vùng biển Quảng Ngãi, Ninh Thuận, vv… 
Giá trị sử dụng: dùng làm hàng mỹ nghệ

Nơi thu: Tốc Tan, ngày 13/10/2020"
55,Thân mềm,E.57314,Turbinellidae,Vasum turbinellus,"(Linnaeus, 1758)",Ốc mãng cầu lùn,Thuyền Chài,30.10.2020,08°15'52.2,113°21'45.5,,,,1,,1,"Tên tiếng Anh: Top Vase
Tên tiếng Việt: Ốc mãng cầu tháp ngắn
Kích thước: trung bình 5-7 cm. Mẫu lớn nhất có kích cỡ đạt tới 11 cm
Nơi sống: Sống trên đá ở vùng dưới triều 
Phân bố:  - Thế giới: Vùng biển Ấn Độ - Thái Bình Dương  
- Việt Nam: Vùng biển Khánh Hòa, Ninh Thuận, Côn Đảo, vv…
Giá trị sử dụng: dùng làm hàng mỹ nghệ"
54,Thân mềm,E.57369,Turbinellidae,Vasum turbinellus,"(Linnaeus, 1758)",Ốc mãng cầu lùn,Đá Lớn,06.04.2021,09°59'46.1,113°50'39.1,,,,1,,1,"Tên tiếng Anh: Top Vase
Tên tiếng Việt: Ốc mãng cầu tháp ngắn
Kích thước: trung bình 5-7 cm. Mẫu lớn nhất có kích cỡ đạt tới 11 cm
Nơi sống: Sống trên đá ở vùng dưới triều 
Phân bố:  - Thế giới: Vùng biển Ấn Độ - Thái Bình Dương  
- Việt Nam: Vùng biển Khánh Hòa, Ninh Thuận, Côn Đảo, vv…
Giá trị sử dụng: dùng làm hàng mỹ nghệ"
